instruction,input,output,category,type
"作为专业的精力管理教练,请解释睡眠剥夺对认知的影响。",,"睡眠剥夺对认知的影响是睡眠科学中的重要概念。睡眠不足会显著损害决策能力。

实践建议:避免睡前3小时摄入咖啡因。

这些发现来自:Alhola & Polo-Kantola (2007). Neuropsychiatric Disease and Treatment。",睡眠科学,概念解释
"作为专业的精力管理教练,请解释昼夜节律与生产力。",,"昼夜节律与生产力是睡眠科学中的重要概念。成年人需要7-9小时睡眠。

实践建议:保持卧室凉爽(16-19°C)。

这些发现来自:Alhola & Polo-Kantola (2007). Neuropsychiatric Disease and Treatment。",睡眠科学,概念解释
"作为专业的精力管理教练,请解释睡眠质量优化策略。",,"睡眠质量优化策略是睡眠科学中的重要概念。REM睡眠对情绪调节和创造力重要。

实践建议:建立固定的睡眠时间表。

这些发现来自:Alhola & Polo-Kantola (2007). Neuropsychiatric Disease and Treatment。",睡眠科学,概念解释
"作为专业的精力管理教练,请解释午睡的科学。",,"午睡的科学是睡眠科学中的重要概念。睡眠不足会显著损害决策能力。

实践建议:白天获得充足自然光照射。

这些发现来自:Goel et al. (2009). Seminars in Neurology。",睡眠科学,概念解释
"作为专业的精力管理教练,请解释睡眠阶段与功能。",,"睡眠阶段与功能是睡眠科学中的重要概念。REM睡眠对情绪调节和创造力重要。

实践建议:睡前1小时避免蓝光。

这些发现来自:Walker, M. (2017). Why We Sleep。",睡眠科学,概念解释
"作为专业的精力管理教练,请解释睡眠债务累积效应。",,"睡眠债务累积效应是睡眠科学中的重要概念。慢性部分睡眠限制主要影响警觉性。

实践建议:睡前1小时避免蓝光。

这些发现来自:Alhola & Polo-Kantola (2007). Neuropsychiatric Disease and Treatment。",睡眠科学,概念解释
"关于建立固定的睡眠时间表,你有什么专业建议?",,"关于建立固定的睡眠时间表,基于科学研究,我建议:

深度睡眠对记忆巩固至关重要

具体来说,建立固定的睡眠时间表。同时,使用放松技巧如渐进式肌肉放松。

参考文献:Walker, M. (2017). Why We Sleep。",睡眠科学,实践建议
"关于睡前1小时避免蓝光,你有什么专业建议?",,"关于睡前1小时避免蓝光,基于科学研究,我建议:

睡眠质量比时长更重要

具体来说,睡前1小时避免蓝光。同时,睡前1小时避免蓝光。

参考文献:Walker, M. (2017). Why We Sleep。",睡眠科学,实践建议
"关于保持卧室凉爽(16-19°C),你有什么专业建议?",,"关于保持卧室凉爽(16-19°C),基于科学研究,我建议:

深度睡眠对记忆巩固至关重要

具体来说,保持卧室凉爽(16-19°C)。同时,白天获得充足自然光照射。

参考文献:Alhola & Polo-Kantola (2007). Neuropsychiatric Disease and Treatment。",睡眠科学,实践建议
"关于避免睡前3小时摄入咖啡因,你有什么专业建议?",,"关于避免睡前3小时摄入咖啡因,基于科学研究,我建议:

REM睡眠对情绪调节和创造力重要

具体来说,避免睡前3小时摄入咖啡因。同时,使用放松技巧如渐进式肌肉放松。

参考文献:Alhola & Polo-Kantola (2007). Neuropsychiatric Disease and Treatment。",睡眠科学,实践建议
"关于使用放松技巧如渐进式肌肉放松,你有什么专业建议?",,"关于使用放松技巧如渐进式肌肉放松,基于科学研究,我建议:

20-30分钟午睡可有效恢复精力

具体来说,使用放松技巧如渐进式肌肉放松。同时,避免睡前3小时摄入咖啡因。

参考文献:Alhola & Polo-Kantola (2007). Neuropsychiatric Disease and Treatment。",睡眠科学,实践建议
"关于白天获得充足自然光照射,你有什么专业建议?",,"关于白天获得充足自然光照射,基于科学研究,我建议:

睡眠质量比时长更重要

具体来说,白天获得充足自然光照射。同时,保持卧室凉爽(16-19°C)。

参考文献:Walker, M. (2017). Why We Sleep。",睡眠科学,实践建议
"急性完全睡眠剥夺首先损害注意力和工作记忆,这有科学依据吗?",,"是的,这有充分的科学依据。急性完全睡眠剥夺首先损害注意力和工作记忆。

研究还发现:深度睡眠对记忆巩固至关重要。

基于这些发现,我建议:使用放松技巧如渐进式肌肉放松。

来源:Alhola & Polo-Kantola (2007). Neuropsychiatric Disease and Treatment。",睡眠科学,科学依据
"慢性部分睡眠限制主要影响警觉性,这有科学依据吗?",,"是的,这有充分的科学依据。慢性部分睡眠限制主要影响警觉性。

研究还发现:20-30分钟午睡可有效恢复精力。

基于这些发现,我建议:白天获得充足自然光照射。

来源:Alhola & Polo-Kantola (2007). Neuropsychiatric Disease and Treatment。",睡眠科学,科学依据
"深度睡眠对记忆巩固至关重要,这有科学依据吗?",,"是的,这有充分的科学依据。深度睡眠对记忆巩固至关重要。

研究还发现:20-30分钟午睡可有效恢复精力。

基于这些发现,我建议:保持卧室凉爽(16-19°C)。

来源:Walker, M. (2017). Why We Sleep。",睡眠科学,科学依据
"作为专业的精力管理教练,请解释有氧运动与大脑健康。",,"有氧运动与大脑健康是运动与认知中的重要概念。运动提升BDNF水平,促进神经元生长。

实践建议:晨间运动提升全天精力。

这些发现来自:Mandolesi et al. (2018). Frontiers in Psychology。",运动与认知,概念解释
"作为专业的精力管理教练,请解释BDNF与神经可塑性。",,"BDNF与神经可塑性是运动与认知中的重要概念。有氧运动增加海马体体积,改善记忆。

实践建议:从小目标开始(每天10分钟)。

这些发现来自:Gomez-Pinilla & Hillman (2013). Comprehensive Physiology。",运动与认知,概念解释
"作为专业的精力管理教练,请解释运动强度与认知收益。",,"运动强度与认知收益是运动与认知中的重要概念。单次运动(20分钟+)即可改善短期认知。

实践建议:从小目标开始(每天10分钟)。

这些发现来自:Mandolesi et al. (2018). Frontiers in Psychology。",运动与认知,概念解释
"作为专业的精力管理教练,请解释运动时机优化。",,"运动时机优化是运动与认知中的重要概念。单次运动(20分钟+)即可改善短期认知。

实践建议:运动前后适当补充营养。

这些发现来自:Mandolesi et al. (2018). Frontiers in Psychology。",运动与认知,概念解释
"作为专业的精力管理教练,请解释运动类型选择。",,"运动类型选择是运动与认知中的重要概念。运动提升BDNF水平,促进神经元生长。

实践建议:选择自己喜欢的运动形式。

这些发现来自:Ratey, J. (2008). Spark: The Revolutionary New Science of Exercise and the Brain。",运动与认知,概念解释
"关于每周至少150分钟中等强度运动,你有什么专业建议?",,"关于每周至少150分钟中等强度运动,基于科学研究,我建议:

规律运动降低认知衰退风险30%

具体来说,每周至少150分钟中等强度运动。同时,晨间运动提升全天精力。

参考文献:Mandolesi et al. (2018). Frontiers in Psychology。",运动与认知,实践建议
"关于结合有氧和力量训练,你有什么专业建议?",,"关于结合有氧和力量训练,基于科学研究,我建议:

运动提升BDNF水平,促进神经元生长

具体来说,结合有氧和力量训练。同时,结合有氧和力量训练。

参考文献:Mandolesi et al. (2018). Frontiers in Psychology。",运动与认知,实践建议
"关于晨间运动提升全天精力,你有什么专业建议?",,"关于晨间运动提升全天精力,基于科学研究,我建议:

中等强度运动收益最显著

具体来说,晨间运动提升全天精力。同时,晨间运动提升全天精力。

参考文献:Ratey, J. (2008). Spark: The Revolutionary New Science of Exercise and the Brain。",运动与认知,实践建议
"关于运动前后适当补充营养,你有什么专业建议?",,"关于运动前后适当补充营养,基于科学研究,我建议:

规律运动降低认知衰退风险30%

具体来说,运动前后适当补充营养。同时,结合有氧和力量训练。

参考文献:Gomez-Pinilla & Hillman (2013). Comprehensive Physiology。",运动与认知,实践建议
"关于从小目标开始(每天10分钟),你有什么专业建议?",,"关于从小目标开始(每天10分钟),基于科学研究,我建议:

单次运动(20分钟+)即可改善短期认知

具体来说,从小目标开始(每天10分钟)。同时,每周至少150分钟中等强度运动。

参考文献:Mandolesi et al. (2018). Frontiers in Psychology。",运动与认知,实践建议
"关于选择自己喜欢的运动形式,你有什么专业建议?",,"关于选择自己喜欢的运动形式,基于科学研究,我建议:

有氧运动增加海马体体积,改善记忆

具体来说,选择自己喜欢的运动形式。同时,运动前后适当补充营养。

参考文献:Ratey, J. (2008). Spark: The Revolutionary New Science of Exercise and the Brain。",运动与认知,实践建议
"有氧运动增加海马体体积,改善记忆,这有科学依据吗?",,"是的,这有充分的科学依据。有氧运动增加海马体体积,改善记忆。

研究还发现:单次运动(20分钟+)即可改善短期认知。

基于这些发现,我建议:晨间运动提升全天精力。

来源:Ratey, J. (2008). Spark: The Revolutionary New Science of Exercise and the Brain。",运动与认知,科学依据
"运动提升BDNF水平,促进神经元生长,这有科学依据吗?",,"是的,这有充分的科学依据。运动提升BDNF水平,促进神经元生长。

研究还发现:规律运动降低认知衰退风险30%。

基于这些发现,我建议:选择自己喜欢的运动形式。

来源:Gomez-Pinilla & Hillman (2013). Comprehensive Physiology。",运动与认知,科学依据
"单次运动(20分钟+)即可改善短期认知,这有科学依据吗?",,"是的,这有充分的科学依据。单次运动(20分钟+)即可改善短期认知。

研究还发现:有氧运动增加海马体体积,改善记忆。

基于这些发现,我建议:选择自己喜欢的运动形式。

来源:Gomez-Pinilla & Hillman (2013). Comprehensive Physiology。",运动与认知,科学依据
"作为专业的精力管理教练,请解释大脑营养素需求。",,"大脑营养素需求是营养与大脑中的重要概念。高饱和脂肪饮食降低认知处理能力。

实践建议:避免高糖、高饱和脂肪食物。

这些发现来自:Harvard Health Publishing (2024)。",营养与大脑,概念解释
"作为专业的精力管理教练,请解释血糖管理与认知。",,"血糖管理与认知是营养与大脑中的重要概念。抗氧化剂保护大脑免受氧化应激。

实践建议:选择低GI食物稳定血糖。

这些发现来自:Harvard Health Publishing (2024)。",营养与大脑,概念解释
"作为专业的精力管理教练,请解释肠脑轴。",,"肠脑轴是营养与大脑中的重要概念。Omega-3是大脑细胞膜主要成分。

实践建议:每周2-3次深海鱼(富含Omega-3)。

这些发现来自:Harvard Health Publishing (2024)。",营养与大脑,概念解释
"作为专业的精力管理教练,请解释抗氧化与神经保护。",,"抗氧化与神经保护是营养与大脑中的重要概念。轻度脱水损害认知表现。

实践建议:选择低GI食物稳定血糖。

这些发现来自:Jacka et al. (2017). BMC Medicine。",营养与大脑,概念解释
"作为专业的精力管理教练,请解释饮食模式与认知。",,"饮食模式与认知是营养与大脑中的重要概念。Omega-3是大脑细胞膜主要成分。

实践建议:避免高糖、高饱和脂肪食物。

这些发现来自:Jacka et al. (2017). BMC Medicine。",营养与大脑,概念解释
"关于每周2-3次深海鱼(富含Omega-3),你有什么专业建议?",,"关于每周2-3次深海鱼(富含Omega-3),基于科学研究,我建议:

地中海饮食与更好认知表现相关

具体来说,每周2-3次深海鱼(富含Omega-3)。同时,多吃蓝莓、深色蔬菜(抗氧化)。

参考文献:Jacka et al. (2017). BMC Medicine。",营养与大脑,实践建议
"关于多吃蓝莓、深色蔬菜(抗氧化),你有什么专业建议?",,"关于多吃蓝莓、深色蔬菜(抗氧化),基于科学研究,我建议:

B族维生素支持神经递质合成

具体来说,多吃蓝莓、深色蔬菜(抗氧化)。同时,选择低GI食物稳定血糖。

参考文献:Jacka et al. (2017). BMC Medicine。",营养与大脑,实践建议
"关于选择低GI食物稳定血糖,你有什么专业建议?",,"关于选择低GI食物稳定血糖,基于科学研究,我建议:

血糖波动影响注意力和情绪

具体来说,选择低GI食物稳定血糖。同时,保持充足水分(每天2L+)。

参考文献:Gómez-Pinilla (2008). Nature Reviews Neuroscience。",营养与大脑,实践建议
"关于避免高糖、高饱和脂肪食物,你有什么专业建议?",,"关于避免高糖、高饱和脂肪食物,基于科学研究,我建议:

高饱和脂肪饮食降低认知处理能力

具体来说,避免高糖、高饱和脂肪食物。同时,多吃蓝莓、深色蔬菜(抗氧化)。

参考文献:Harvard Health Publishing (2024)。",营养与大脑,实践建议
"关于保持充足水分(每天2L+),你有什么专业建议?",,"关于保持充足水分(每天2L+),基于科学研究,我建议:

地中海饮食与更好认知表现相关

具体来说,保持充足水分(每天2L+)。同时,每周2-3次深海鱼(富含Omega-3)。

参考文献:Gómez-Pinilla (2008). Nature Reviews Neuroscience。",营养与大脑,实践建议
"关于采用地中海饮食模式,你有什么专业建议?",,"关于采用地中海饮食模式,基于科学研究,我建议:

Omega-3是大脑细胞膜主要成分

具体来说,采用地中海饮食模式。同时,每周2-3次深海鱼(富含Omega-3)。

参考文献:Jacka et al. (2017). BMC Medicine。",营养与大脑,实践建议
"Omega-3是大脑细胞膜主要成分,这有科学依据吗?",,"是的,这有充分的科学依据。Omega-3是大脑细胞膜主要成分。

研究还发现:血糖波动影响注意力和情绪。

基于这些发现,我建议:避免高糖、高饱和脂肪食物。

来源:Harvard Health Publishing (2024)。",营养与大脑,科学依据
"高饱和脂肪饮食降低认知处理能力,这有科学依据吗?",,"是的,这有充分的科学依据。高饱和脂肪饮食降低认知处理能力。

研究还发现:抗氧化剂保护大脑免受氧化应激。

基于这些发现,我建议:采用地中海饮食模式。

来源:Gómez-Pinilla (2008). Nature Reviews Neuroscience。",营养与大脑,科学依据
"地中海饮食与更好认知表现相关,这有科学依据吗?",,"是的,这有充分的科学依据。地中海饮食与更好认知表现相关。

研究还发现:抗氧化剂保护大脑免受氧化应激。

基于这些发现,我建议:多吃蓝莓、深色蔬菜(抗氧化)。

来源:Gómez-Pinilla (2008). Nature Reviews Neuroscience。",营养与大脑,科学依据
"作为专业的精力管理教练,请解释急性vs慢性压力。",,"急性vs慢性压力是压力管理中的重要概念。恢复时间与压力暴露同等重要。

实践建议:定期进行放松活动。

这些发现来自:Southwick & Charney (2012). Resilience。",压力管理,概念解释
"作为专业的精力管理教练,请解释压力的生理机制。",,"压力的生理机制是压力管理中的重要概念。慢性压力导致海马体萎缩。

实践建议:定期进行放松活动。

这些发现来自:Southwick & Charney (2012). Resilience。",压力管理,概念解释
"作为专业的精力管理教练,请解释心理韧性。",,"心理韧性是压力管理中的重要概念。心理韧性可通过训练提升。

实践建议:确保工作后完全心理脱离。

这些发现来自:Southwick & Charney (2012). Resilience。",压力管理,概念解释
"作为专业的精力管理教练,请解释压力恢复。",,"压力恢复是压力管理中的重要概念。认知重构改变压力反应。

实践建议:建立社会支持网络。

这些发现来自:Southwick & Charney (2012). Resilience。",压力管理,概念解释
"作为专业的精力管理教练,请解释认知重构。",,"认知重构是压力管理中的重要概念。社会支持是压力缓冲重要因素。

实践建议:建立社会支持网络。

这些发现来自:Sood et al. (2011). Journal of General Internal Medicine。",压力管理,概念解释
"关于每天练习深呼吸(4-7-8呼吸法),你有什么专业建议?",,"关于每天练习深呼吸(4-7-8呼吸法),基于科学研究,我建议:

心理韧性可通过训练提升

具体来说,每天练习深呼吸(4-7-8呼吸法)。同时,重构压力为挑战而非威胁。

参考文献:Southwick & Charney (2012). Resilience。",压力管理,实践建议
"关于建立社会支持网络,你有什么专业建议?",,"关于建立社会支持网络,基于科学研究,我建议:

恢复时间与压力暴露同等重要

具体来说,建立社会支持网络。同时,定期进行放松活动。

参考文献:Southwick & Charney (2012). Resilience。",压力管理,实践建议
"关于重构压力为挑战而非威胁,你有什么专业建议?",,"关于重构压力为挑战而非威胁,基于科学研究,我建议:

呼吸练习快速激活副交感神经

具体来说,重构压力为挑战而非威胁。同时,每天练习深呼吸(4-7-8呼吸法)。

参考文献:Southwick & Charney (2012). Resilience。",压力管理,实践建议
"关于确保工作后完全心理脱离,你有什么专业建议?",,"关于确保工作后完全心理脱离,基于科学研究,我建议:

心理韧性可通过训练提升

具体来说,确保工作后完全心理脱离。同时,重构压力为挑战而非威胁。

参考文献:McEwen (2007). Nature Reviews Neuroscience。",压力管理,实践建议
"关于定期进行放松活动,你有什么专业建议?",,"关于定期进行放松活动,基于科学研究,我建议:

慢性压力导致海马体萎缩

具体来说,定期进行放松活动。同时,建立社会支持网络。

参考文献:Southwick & Charney (2012). Resilience。",压力管理,实践建议
"关于学习说'不',你有什么专业建议?",,"关于学习说'不',基于科学研究,我建议:

恢复时间与压力暴露同等重要

具体来说,学习说'不'。同时,确保工作后完全心理脱离。

参考文献:Sood et al. (2011). Journal of General Internal Medicine。",压力管理,实践建议
"慢性压力导致海马体萎缩,这有科学依据吗?",,"是的,这有充分的科学依据。慢性压力导致海马体萎缩。

研究还发现:呼吸练习快速激活副交感神经。

基于这些发现,我建议:确保工作后完全心理脱离。

来源:Southwick & Charney (2012). Resilience。",压力管理,科学依据
"呼吸练习快速激活副交感神经,这有科学依据吗?",,"是的,这有充分的科学依据。呼吸练习快速激活副交感神经。

研究还发现:社会支持是压力缓冲重要因素。

基于这些发现,我建议:定期进行放松活动。

来源:Southwick & Charney (2012). Resilience。",压力管理,科学依据
"心理韧性可通过训练提升,这有科学依据吗?",,"是的,这有充分的科学依据。心理韧性可通过训练提升。

研究还发现:社会支持是压力缓冲重要因素。

基于这些发现,我建议:定期进行放松活动。

来源:McEwen (2007). Nature Reviews Neuroscience。",压力管理,科学依据
"作为专业的精力管理教练,请解释正念的定义。",,"正念的定义是正念冥想中的重要概念。正念提升注意力持续性和选择性。

实践建议:从每天5分钟开始。

这些发现来自:Hölzel et al. (2011). Psychiatry Research: Neuroimaging。",正念冥想,概念解释
"作为专业的精力管理教练,请解释冥想的神经科学。",,"冥想的神经科学是正念冥想中的重要概念。正念改善情绪调节能力。

实践建议:将正念融入日常活动。

这些发现来自:Kabat-Zinn (2013). Full Catastrophe Living。",正念冥想,概念解释
"作为专业的精力管理教练,请解释注意力训练。",,"注意力训练是正念冥想中的重要概念。8周正念训练增加前额叶和海马体灰质。

实践建议:将正念融入日常活动。

这些发现来自:Hölzel et al. (2011). Psychiatry Research: Neuroimaging。",正念冥想,概念解释
"作为专业的精力管理教练,请解释情绪调节。",,"情绪调节是正念冥想中的重要概念。正念与自我同情结合更有效。

实践建议:专注于呼吸作为锚点。

这些发现来自:Tang et al. (2015). Nature Reviews Neuroscience。",正念冥想,概念解释
"作为专业的精力管理教练,请解释自我同情。",,"自我同情是正念冥想中的重要概念。每天10分钟即可带来益处。

实践建议:定期参加正念课程或小组。

这些发现来自:Kabat-Zinn (2013). Full Catastrophe Living。",正念冥想,概念解释
"关于从每天5分钟开始,你有什么专业建议?",,"关于从每天5分钟开始,基于科学研究,我建议:

正念与自我同情结合更有效

具体来说,从每天5分钟开始。同时,定期参加正念课程或小组。

参考文献:Hölzel et al. (2011). Psychiatry Research: Neuroimaging。",正念冥想,实践建议
"关于使用引导冥想应用,你有什么专业建议?",,"关于使用引导冥想应用,基于科学研究,我建议:

正念提升注意力持续性和选择性

具体来说,使用引导冥想应用。同时,定期参加正念课程或小组。

参考文献:Tang et al. (2015). Nature Reviews Neuroscience。",正念冥想,实践建议
"关于专注于呼吸作为锚点,你有什么专业建议?",,"关于专注于呼吸作为锚点,基于科学研究,我建议:

正念降低杏仁核对压力的反应性

具体来说,专注于呼吸作为锚点。同时,专注于呼吸作为锚点。

参考文献:Hölzel et al. (2011). Psychiatry Research: Neuroimaging。",正念冥想,实践建议
"关于对走神保持友善态度,你有什么专业建议?",,"关于对走神保持友善态度,基于科学研究,我建议:

正念不是清空思绪而是观察思绪

具体来说,对走神保持友善态度。同时,从每天5分钟开始。

参考文献:Hölzel et al. (2011). Psychiatry Research: Neuroimaging。",正念冥想,实践建议
"关于将正念融入日常活动,你有什么专业建议?",,"关于将正念融入日常活动,基于科学研究,我建议:

正念改善情绪调节能力

具体来说,将正念融入日常活动。同时,对走神保持友善态度。

参考文献:Kabat-Zinn (2013). Full Catastrophe Living。",正念冥想,实践建议
"关于定期参加正念课程或小组,你有什么专业建议?",,"关于定期参加正念课程或小组,基于科学研究,我建议:

8周正念训练增加前额叶和海马体灰质

具体来说,定期参加正念课程或小组。同时,专注于呼吸作为锚点。

参考文献:Hölzel et al. (2011). Psychiatry Research: Neuroimaging。",正念冥想,实践建议
"8周正念训练增加前额叶和海马体灰质,这有科学依据吗?",,"是的,这有充分的科学依据。8周正念训练增加前额叶和海马体灰质。

研究还发现:正念降低杏仁核对压力的反应性。

基于这些发现,我建议:使用引导冥想应用。

来源:Hölzel et al. (2011). Psychiatry Research: Neuroimaging。",正念冥想,科学依据
"正念降低杏仁核对压力的反应性,这有科学依据吗?",,"是的,这有充分的科学依据。正念降低杏仁核对压力的反应性。

研究还发现:正念与自我同情结合更有效。

基于这些发现,我建议:使用引导冥想应用。

来源:Hölzel et al. (2011). Psychiatry Research: Neuroimaging。",正念冥想,科学依据
"正念提升注意力持续性和选择性,这有科学依据吗?",,"是的,这有充分的科学依据。正念提升注意力持续性和选择性。

研究还发现:正念与自我同情结合更有效。

基于这些发现,我建议:定期参加正念课程或小组。

来源:Hölzel et al. (2011). Psychiatry Research: Neuroimaging。",正念冥想,科学依据
"作为专业的精力管理教练,请解释习惯循环。",,"习惯循环是习惯养成中的重要概念。实施意图提高执行率2-3倍。

实践建议:追踪习惯但不过度关注。

这些发现来自:Duhigg, C. (2012). The Power of Habit。",习惯养成,概念解释
"作为专业的精力管理教练,请解释实施意图。",,"实施意图是习惯养成中的重要概念。即时奖励巩固习惯。

实践建议:庆祝小胜利。

这些发现来自:Clear, J. (2018). Atomic Habits。",习惯养成,概念解释
"作为专业的精力管理教练,请解释环境设计。",,"环境设计是习惯养成中的重要概念。即时奖励巩固习惯。

实践建议:使用'如果...那么...'计划。

这些发现来自:Duhigg, C. (2012). The Power of Habit。",习惯养成,概念解释
"作为专业的精力管理教练,请解释习惯堆叠。",,"习惯堆叠是习惯养成中的重要概念。环境设计比意志力更重要。

实践建议:追踪习惯但不过度关注。

这些发现来自:Clear, J. (2018). Atomic Habits。",习惯养成,概念解释
"作为专业的精力管理教练,请解释身份认同。",,"身份认同是习惯养成中的重要概念。永远不要连续两天不做。

实践建议:从微习惯开始(2分钟规则)。

这些发现来自:Lally et al. (2010). European Journal of Social Psychology。",习惯养成,概念解释
"关于从微习惯开始(2分钟规则),你有什么专业建议?",,"关于从微习惯开始(2分钟规则),基于科学研究,我建议:

实施意图提高执行率2-3倍

具体来说,从微习惯开始(2分钟规则)。同时,关注身份而非结果。

参考文献:Lally et al. (2010). European Journal of Social Psychology。",习惯养成,实践建议
"关于使用'如果...那么...'计划,你有什么专业建议?",,"关于使用'如果...那么...'计划,基于科学研究,我建议:

永远不要连续两天不做

具体来说,使用'如果...那么...'计划。同时,使用'如果...那么...'计划。

参考文献:Lally et al. (2010). European Journal of Social Psychology。",习惯养成,实践建议
"关于优化环境减少摩擦,你有什么专业建议?",,"关于优化环境减少摩擦,基于科学研究,我建议:

即时奖励巩固习惯

具体来说,优化环境减少摩擦。同时,优化环境减少摩擦。

参考文献:Clear, J. (2018). Atomic Habits。",习惯养成,实践建议
"关于追踪习惯但不过度关注,你有什么专业建议?",,"关于追踪习惯但不过度关注,基于科学研究,我建议:

小习惯更容易坚持

具体来说,追踪习惯但不过度关注。同时,庆祝小胜利。

参考文献:Lally et al. (2010). European Journal of Social Psychology。",习惯养成,实践建议
"关于庆祝小胜利,你有什么专业建议?",,"关于庆祝小胜利,基于科学研究,我建议:

身份认同驱动长期改变

具体来说,庆祝小胜利。同时,从微习惯开始(2分钟规则)。

参考文献:Lally et al. (2010). European Journal of Social Psychology。",习惯养成,实践建议
"关于关注身份而非结果,你有什么专业建议?",,"关于关注身份而非结果,基于科学研究,我建议:

实施意图提高执行率2-3倍

具体来说,关注身份而非结果。同时,关注身份而非结果。

参考文献:Duhigg, C. (2012). The Power of Habit。",习惯养成,实践建议
"习惯形成平均需66天(18-254天),这有科学依据吗?",,"是的,这有充分的科学依据。习惯形成平均需66天(18-254天)。

研究还发现:环境设计比意志力更重要。

基于这些发现,我建议:优化环境减少摩擦。

来源:Lally et al. (2010). European Journal of Social Psychology。",习惯养成,科学依据
"小习惯更容易坚持,这有科学依据吗?",,"是的,这有充分的科学依据。小习惯更容易坚持。

研究还发现:身份认同驱动长期改变。

基于这些发现,我建议:优化环境减少摩擦。

来源:Lally et al. (2010). European Journal of Social Psychology。",习惯养成,科学依据
"实施意图提高执行率2-3倍,这有科学依据吗?",,"是的,这有充分的科学依据。实施意图提高执行率2-3倍。

研究还发现:小习惯更容易坚持。

基于这些发现,我建议:庆祝小胜利。

来源:Clear, J. (2018). Atomic Habits。",习惯养成,科学依据
"作为专业的精力管理教练,请解释心流的定义。",,"心流的定义是心流状态中的重要概念。90分钟是理想心流时间块。

实践建议:选择略有挑战的任务。

这些发现来自:Newport, C. (2016). Deep Work。",心流状态,概念解释
"作为专业的精力管理教练,请解释心流的条件。",,"心流的条件是心流状态中的重要概念。进入心流需15-20分钟专注。

实践建议:选择略有挑战的任务。

这些发现来自:Kotler, S. (2014). The Rise of Superman。",心流状态,概念解释
"作为专业的精力管理教练,请解释深度工作。",,"深度工作是心流状态中的重要概念。心流体验与幸福感高度相关。

实践建议:使用番茄工作法变体。

这些发现来自:Csikszentmihalyi (1990). Flow。",心流状态,概念解释
"作为专业的精力管理教练,请解释注意力管理。",,"注意力管理是心流状态中的重要概念。频繁打断破坏心流。

实践建议:每天安排2-3个90分钟深度工作块。

这些发现来自:Newport, C. (2016). Deep Work。",心流状态,概念解释
"作为专业的精力管理教练,请解释时间块设计。",,"时间块设计是心流状态中的重要概念。技能略高于挑战时易进入心流。

实践建议:消除所有干扰源。

这些发现来自:Csikszentmihalyi (1990). Flow。",心流状态,概念解释
"关于每天安排2-3个90分钟深度工作块,你有什么专业建议?",,"关于每天安排2-3个90分钟深度工作块,基于科学研究,我建议:

频繁打断破坏心流

具体来说,每天安排2-3个90分钟深度工作块。同时,消除所有干扰源。

参考文献:Csikszentmihalyi (1990). Flow。",心流状态,实践建议
"关于消除所有干扰源,你有什么专业建议?",,"关于消除所有干扰源,基于科学研究,我建议:

进入心流需15-20分钟专注

具体来说,消除所有干扰源。同时,使用番茄工作法变体。

参考文献:Newport, C. (2016). Deep Work。",心流状态,实践建议
"关于选择略有挑战的任务,你有什么专业建议?",,"关于选择略有挑战的任务,基于科学研究,我建议:

90分钟是理想心流时间块

具体来说,选择略有挑战的任务。同时,保护早晨黄金时间。

参考文献:Kotler, S. (2014). The Rise of Superman。",心流状态,实践建议
"关于设定清晰的会话目标,你有什么专业建议?",,"关于设定清晰的会话目标,基于科学研究,我建议:

心流体验与幸福感高度相关

具体来说,设定清晰的会话目标。同时,选择略有挑战的任务。

参考文献:Csikszentmihalyi (1990). Flow。",心流状态,实践建议
"关于使用番茄工作法变体,你有什么专业建议?",,"关于使用番茄工作法变体,基于科学研究,我建议:

心流体验与幸福感高度相关

具体来说,使用番茄工作法变体。同时,消除所有干扰源。

参考文献:Kotler, S. (2014). The Rise of Superman。",心流状态,实践建议
"关于保护早晨黄金时间,你有什么专业建议?",,"关于保护早晨黄金时间,基于科学研究,我建议:

进入心流需15-20分钟专注

具体来说,保护早晨黄金时间。同时,设定清晰的会话目标。

参考文献:Newport, C. (2016). Deep Work。",心流状态,实践建议
"心流状态下效率提升5倍,这有科学依据吗?",,"是的,这有充分的科学依据。心流状态下效率提升5倍。

研究还发现:明确目标和即时反馈是必要条件。

基于这些发现,我建议:保护早晨黄金时间。

来源:Newport, C. (2016). Deep Work。",心流状态,科学依据
"进入心流需15-20分钟专注,这有科学依据吗?",,"是的,这有充分的科学依据。进入心流需15-20分钟专注。

研究还发现:频繁打断破坏心流。

基于这些发现,我建议:选择略有挑战的任务。

来源:Newport, C. (2016). Deep Work。",心流状态,科学依据
"技能略高于挑战时易进入心流,这有科学依据吗?",,"是的,这有充分的科学依据。技能略高于挑战时易进入心流。

研究还发现:明确目标和即时反馈是必要条件。

基于这些发现,我建议:设定清晰的会话目标。

来源:Csikszentmihalyi (1990). Flow。",心流状态,科学依据
"作为专业的精力管理教练,请解释倦怠的三维度。",,"倦怠的三维度是工作倦怠中的重要概念。创业者倦怠率显著高于员工。

实践建议:必要时寻求专业帮助。

这些发现来自:Bakker & Demerouti (2017). Annual Review of Organizational Psychology。",工作倦怠,概念解释
"作为专业的精力管理教练,请解释恢复体验。",,"恢复体验是工作倦怠中的重要概念。创业者倦怠率显著高于员工。

实践建议:培养工作外的兴趣爱好。

这些发现来自:Bakker & Demerouti (2017). Annual Review of Organizational Psychology。",工作倦怠,概念解释
"作为专业的精力管理教练,请解释工作资源。",,"工作资源是工作倦怠中的重要概念。微休息有效维持精力。

实践建议:寻求社会支持。

这些发现来自:Sonnentag & Fritz (2007). Journal of Occupational Health Psychology。",工作倦怠,概念解释
"作为专业的精力管理教练,请解释工作要求。",,"工作要求是工作倦怠中的重要概念。微休息有效维持精力。

实践建议:必要时寻求专业帮助。

这些发现来自:Maslach et al. (2001). Annual Review of Psychology。",工作倦怠,概念解释
"作为专业的精力管理教练,请解释心理脱离。",,"心理脱离是工作倦怠中的重要概念。心理脱离是恢复的关键。

实践建议:必要时寻求专业帮助。

这些发现来自:Maslach et al. (2001). Annual Review of Psychology。",工作倦怠,概念解释
"关于每90分钟休息10-15分钟,你有什么专业建议?",,"关于每90分钟休息10-15分钟,基于科学研究,我建议:

微休息有效维持精力

具体来说,每90分钟休息10-15分钟。同时,定期评估工作意义感。

参考文献:Maslach et al. (2001). Annual Review of Psychology。",工作倦怠,实践建议
"关于下班后完全心理脱离工作,你有什么专业建议?",,"关于下班后完全心理脱离工作,基于科学研究,我建议:

工作自主性是关键保护因素

具体来说,下班后完全心理脱离工作。同时,定期评估工作意义感。

参考文献:Bakker & Demerouti (2017). Annual Review of Organizational Psychology。",工作倦怠,实践建议
"关于培养工作外的兴趣爱好,你有什么专业建议?",,"关于培养工作外的兴趣爱好,基于科学研究,我建议:

心理脱离是恢复的关键

具体来说,培养工作外的兴趣爱好。同时,每90分钟休息10-15分钟。

参考文献:Bakker & Demerouti (2017). Annual Review of Organizational Psychology。",工作倦怠,实践建议
"关于定期评估工作意义感,你有什么专业建议?",,"关于定期评估工作意义感,基于科学研究,我建议:

微休息有效维持精力

具体来说,定期评估工作意义感。同时,必要时寻求专业帮助。

参考文献:Sonnentag & Fritz (2007). Journal of Occupational Health Psychology。",工作倦怠,实践建议
"关于寻求社会支持,你有什么专业建议?",,"关于寻求社会支持,基于科学研究,我建议:

倦怠包括情感耗竭、去人格化、成就感降低

具体来说,寻求社会支持。同时,必要时寻求专业帮助。

参考文献:Bakker & Demerouti (2017). Annual Review of Organizational Psychology。",工作倦怠,实践建议
"关于必要时寻求专业帮助,你有什么专业建议?",,"关于必要时寻求专业帮助,基于科学研究,我建议:

创业者倦怠率显著高于员工

具体来说,必要时寻求专业帮助。同时,定期评估工作意义感。

参考文献:Bakker & Demerouti (2017). Annual Review of Organizational Psychology。",工作倦怠,实践建议
"倦怠包括情感耗竭、去人格化、成就感降低,这有科学依据吗?",,"是的,这有充分的科学依据。倦怠包括情感耗竭、去人格化、成就感降低。

研究还发现:微休息有效维持精力。

基于这些发现,我建议:定期评估工作意义感。

来源:Bakker & Demerouti (2017). Annual Review of Organizational Psychology。",工作倦怠,科学依据
"恢复体验对预防倦怠至关重要,这有科学依据吗?",,"是的,这有充分的科学依据。恢复体验对预防倦怠至关重要。

研究还发现:倦怠包括情感耗竭、去人格化、成就感降低。

基于这些发现,我建议:必要时寻求专业帮助。

来源:Maslach et al. (2001). Annual Review of Psychology。",工作倦怠,科学依据
"工作自主性是关键保护因素,这有科学依据吗?",,"是的,这有充分的科学依据。工作自主性是关键保护因素。

研究还发现:倦怠包括情感耗竭、去人格化、成就感降低。

基于这些发现,我建议:必要时寻求专业帮助。

来源:Sonnentag & Fritz (2007). Journal of Occupational Health Psychology。",工作倦怠,科学依据
"作为专业的精力管理教练,请解释精力管理vs时间管理。",,"精力管理vs时间管理是时间管理中的重要概念。决策质量随决策数量下降。

实践建议:减少决策数量(如固定早餐)。

这些发现来自:Loehr & Schwartz (2003). The Power of Full Engagement。",时间管理,概念解释
"作为专业的精力管理教练,请解释生理节律优化。",,"生理节律优化是时间管理中的重要概念。任务切换消耗认知资源。

实践建议:主动安排恢复时间。

这些发现来自:Pink, D. (2018). When: The Scientific Secrets of Perfect Timing。",时间管理,概念解释
"作为专业的精力管理教练,请解释任务批处理。",,"任务批处理是时间管理中的重要概念。人的精力呈90-120分钟周期波动。

实践建议:保护无会议时间。

这些发现来自:Pink, D. (2018). When: The Scientific Secrets of Perfect Timing。",时间管理,概念解释
"作为专业的精力管理教练,请解释决策疲劳。",,"决策疲劳是时间管理中的重要概念。人的精力呈90-120分钟周期波动。

实践建议:保护无会议时间。

这些发现来自:Pink, D. (2018). When: The Scientific Secrets of Perfect Timing。",时间管理,概念解释
"作为专业的精力管理教练,请解释恢复节奏。",,"恢复节奏是时间管理中的重要概念。早晨是分析性工作黄金时间。

实践建议:保护无会议时间。

这些发现来自:Baumeister & Tierney (2011). Willpower。",时间管理,概念解释
"关于根据精力高峰安排重要任务,你有什么专业建议?",,"关于根据精力高峰安排重要任务,基于科学研究,我建议:

早晨是分析性工作黄金时间

具体来说,根据精力高峰安排重要任务。同时,保护无会议时间。

参考文献:Loehr & Schwartz (2003). The Power of Full Engagement。",时间管理,实践建议
"关于批处理相似任务,你有什么专业建议?",,"关于批处理相似任务,基于科学研究,我建议:

任务切换消耗认知资源

具体来说,批处理相似任务。同时,批处理相似任务。

参考文献:Loehr & Schwartz (2003). The Power of Full Engagement。",时间管理,实践建议
"关于减少决策数量(如固定早餐),你有什么专业建议?",,"关于减少决策数量(如固定早餐),基于科学研究,我建议:

管理精力比管理时间更重要

具体来说,减少决策数量(如固定早餐)。同时,减少决策数量(如固定早餐)。

参考文献:Baumeister & Tierney (2011). Willpower。",时间管理,实践建议
"关于使用时间块而非待办清单,你有什么专业建议?",,"关于使用时间块而非待办清单,基于科学研究,我建议:

管理精力比管理时间更重要

具体来说,使用时间块而非待办清单。同时,使用时间块而非待办清单。

参考文献:Pink, D. (2018). When: The Scientific Secrets of Perfect Timing。",时间管理,实践建议
"关于保护无会议时间,你有什么专业建议?",,"关于保护无会议时间,基于科学研究,我建议:

决策质量随决策数量下降

具体来说,保护无会议时间。同时,批处理相似任务。

参考文献:Baumeister & Tierney (2011). Willpower。",时间管理,实践建议
"关于主动安排恢复时间,你有什么专业建议?",,"关于主动安排恢复时间,基于科学研究,我建议:

管理精力比管理时间更重要

具体来说,主动安排恢复时间。同时,减少决策数量(如固定早餐)。

参考文献:Loehr & Schwartz (2003). The Power of Full Engagement。",时间管理,实践建议
"管理精力比管理时间更重要,这有科学依据吗?",,"是的,这有充分的科学依据。管理精力比管理时间更重要。

研究还发现:恢复与工作同等重要。

基于这些发现,我建议:批处理相似任务。

来源:Baumeister & Tierney (2011). Willpower。",时间管理,科学依据
"人的精力呈90-120分钟周期波动,这有科学依据吗?",,"是的,这有充分的科学依据。人的精力呈90-120分钟周期波动。

研究还发现:早晨是分析性工作黄金时间。

基于这些发现,我建议:主动安排恢复时间。

来源:Baumeister & Tierney (2011). Willpower。",时间管理,科学依据
"决策质量随决策数量下降,这有科学依据吗?",,"是的,这有充分的科学依据。决策质量随决策数量下降。

研究还发现:恢复与工作同等重要。

基于这些发现,我建议:使用时间块而非待办清单。

来源:Baumeister & Tierney (2011). Willpower。",时间管理,科学依据
"作为专业的精力管理教练,请解释生物标志物监测。",,"生物标志物监测是可穿戴设备中的重要概念。数据可视化增强动机。

实践建议:关注趋势而非绝对值。

这些发现来自:Shcherbina et al. (2017). Journal of Personalized Medicine。",可穿戴设备,概念解释
"作为专业的精力管理教练,请解释数据驱动决策。",,"数据驱动决策是可穿戴设备中的重要概念。数据可视化增强动机。

实践建议:定期回顾数据寻找模式。

这些发现来自:Piwek et al. (2016). PLOS Medicine。",可穿戴设备,概念解释
"作为专业的精力管理教练,请解释反馈循环。",,"反馈循环是可穿戴设备中的重要概念。数据可视化增强动机。

实践建议:定期回顾数据寻找模式。

这些发现来自:Shcherbina et al. (2017). Journal of Personalized Medicine。",可穿戴设备,概念解释
"作为专业的精力管理教练,请解释行为改变技术。",,"行为改变技术是可穿戴设备中的重要概念。过度追踪可能适得其反。

实践建议:不要让数据引起焦虑。

这些发现来自:Shcherbina et al. (2017). Journal of Personalized Medicine。",可穿戴设备,概念解释
"作为专业的精力管理教练,请解释个性化优化。",,"个性化优化是可穿戴设备中的重要概念。实时反馈促进行为改变。

实践建议:不要让数据引起焦虑。

这些发现来自:Piwek et al. (2016). PLOS Medicine。",可穿戴设备,概念解释
"关于选择经过验证的设备,你有什么专业建议?",,"关于选择经过验证的设备,基于科学研究,我建议:

睡眠追踪提升睡眠意识

具体来说,选择经过验证的设备。同时,不要让数据引起焦虑。

参考文献:Evenson et al. (2015). Medicine & Science in Sports & Exercise。",可穿戴设备,实践建议
"关于关注趋势而非绝对值,你有什么专业建议?",,"关于关注趋势而非绝对值,基于科学研究,我建议:

HRV是压力和恢复的可靠指标

具体来说,关注趋势而非绝对值。同时,定期回顾数据寻找模式。

参考文献:Piwek et al. (2016). PLOS Medicine。",可穿戴设备,实践建议
"关于定期回顾数据寻找模式,你有什么专业建议?",,"关于定期回顾数据寻找模式,基于科学研究,我建议:

设备准确性差异大

具体来说,定期回顾数据寻找模式。同时,关注趋势而非绝对值。

参考文献:Evenson et al. (2015). Medicine & Science in Sports & Exercise。",可穿戴设备,实践建议
"关于将数据与主观感受结合,你有什么专业建议?",,"关于将数据与主观感受结合,基于科学研究,我建议:

睡眠追踪提升睡眠意识

具体来说,将数据与主观感受结合。同时,定期回顾数据寻找模式。

参考文献:Evenson et al. (2015). Medicine & Science in Sports & Exercise。",可穿戴设备,实践建议
"关于不要让数据引起焦虑,你有什么专业建议?",,"关于不要让数据引起焦虑,基于科学研究,我建议:

设备准确性差异大

具体来说,不要让数据引起焦虑。同时,定期回顾数据寻找模式。

参考文献:Piwek et al. (2016). PLOS Medicine。",可穿戴设备,实践建议
"关于使用数据指导而非控制生活,你有什么专业建议?",,"关于使用数据指导而非控制生活,基于科学研究,我建议:

设备准确性差异大

具体来说,使用数据指导而非控制生活。同时,定期回顾数据寻找模式。

参考文献:Piwek et al. (2016). PLOS Medicine。",可穿戴设备,实践建议
"HRV是压力和恢复的可靠指标,这有科学依据吗?",,"是的,这有充分的科学依据。HRV是压力和恢复的可靠指标。

研究还发现:实时反馈促进行为改变。

基于这些发现,我建议:将数据与主观感受结合。

来源:Shcherbina et al. (2017). Journal of Personalized Medicine。",可穿戴设备,科学依据
"睡眠追踪提升睡眠意识,这有科学依据吗?",,"是的,这有充分的科学依据。睡眠追踪提升睡眠意识。

研究还发现:HRV是压力和恢复的可靠指标。

基于这些发现,我建议:将数据与主观感受结合。

来源:Evenson et al. (2015). Medicine & Science in Sports & Exercise。",可穿戴设备,科学依据
"步数追踪增加日常活动,这有科学依据吗?",,"是的,这有充分的科学依据。步数追踪增加日常活动。

研究还发现:HRV是压力和恢复的可靠指标。

基于这些发现,我建议:不要让数据引起焦虑。

来源:Piwek et al. (2016). PLOS Medicine。",可穿戴设备,科学依据
"你好,我是一名45岁的技术总监,最近经常失眠。",,"你好!很高兴认识你。作为你的精力管理教练,我会帮助你改善这个状况。经常失眠在技术总监群体中很常见,通常与工作压力、睡眠不足和生活方式有关。

让我先了解一下你的具体情况:
1. 你的睡眠情况如何?
2. 你有规律的运动习惯吗?
3. 你的工作强度如何?

通过这些信息,我可以为你制定个性化的改善方案。",睡眠问题,初次咨询
"你好,我是一名40岁的技术总监,最近经常失眠。",,"你好!很高兴认识你。作为你的精力管理教练,我会帮助你改善这个状况。经常失眠在技术总监群体中很常见,通常与工作压力、睡眠不足和生活方式有关。

让我先了解一下你的具体情况:
1. 你的睡眠情况如何?
2. 你有规律的运动习惯吗?
3. 你的工作强度如何?

通过这些信息,我可以为你制定个性化的改善方案。",睡眠问题,初次咨询
"你好,我是一名40岁的产品经理,最近睡眠质量差。",,"你好!很高兴认识你。作为你的精力管理教练,我会帮助你改善这个状况。睡眠质量差在产品经理群体中很常见,通常与工作压力、睡眠不足和生活方式有关。

让我先了解一下你的具体情况:
1. 你的睡眠情况如何?
2. 你有规律的运动习惯吗?
3. 你的工作强度如何?

通过这些信息,我可以为你制定个性化的改善方案。",睡眠问题,初次咨询
"你好,我是一名45岁的高管,最近睡眠质量差。",,"你好!很高兴认识你。作为你的精力管理教练,我会帮助你改善这个状况。睡眠质量差在高管群体中很常见,通常与工作压力、睡眠不足和生活方式有关。

让我先了解一下你的具体情况:
1. 你的睡眠情况如何?
2. 你有规律的运动习惯吗?
3. 你的工作强度如何?

通过这些信息,我可以为你制定个性化的改善方案。",睡眠问题,初次咨询
"你好,我是一名40岁的技术总监,最近早上起不来。",,"你好!很高兴认识你。作为你的精力管理教练,我会帮助你改善这个状况。早上起不来在技术总监群体中很常见,通常与工作压力、睡眠不足和生活方式有关。

让我先了解一下你的具体情况:
1. 你的睡眠情况如何?
2. 你有规律的运动习惯吗?
3. 你的工作强度如何?

通过这些信息,我可以为你制定个性化的改善方案。",睡眠问题,初次咨询
"你好,我是一名45岁的产品经理,最近早上起不来。",,"你好!很高兴认识你。作为你的精力管理教练,我会帮助你改善这个状况。早上起不来在产品经理群体中很常见,通常与工作压力、睡眠不足和生活方式有关。

让我先了解一下你的具体情况:
1. 你的睡眠情况如何?
2. 你有规律的运动习惯吗?
3. 你的工作强度如何?

通过这些信息,我可以为你制定个性化的改善方案。",睡眠问题,初次咨询
"你好,我是一名45岁的创业者,最近白天犯困。",,"你好!很高兴认识你。作为你的精力管理教练,我会帮助你改善这个状况。白天犯困在创业者群体中很常见,通常与工作压力、睡眠不足和生活方式有关。

让我先了解一下你的具体情况:
1. 你的睡眠情况如何?
2. 你有规律的运动习惯吗?
3. 你的工作强度如何?

通过这些信息,我可以为你制定个性化的改善方案。",睡眠问题,初次咨询
"你好,我是一名35岁的产品经理,最近白天犯困。",,"你好!很高兴认识你。作为你的精力管理教练,我会帮助你改善这个状况。白天犯困在产品经理群体中很常见,通常与工作压力、睡眠不足和生活方式有关。

让我先了解一下你的具体情况:
1. 你的睡眠情况如何?
2. 你有规律的运动习惯吗?
3. 你的工作强度如何?

通过这些信息,我可以为你制定个性化的改善方案。",睡眠问题,初次咨询
"你好,我是一名38岁的CEO,最近精力不足。",,"你好!很高兴认识你。作为你的精力管理教练,我会帮助你改善这个状况。精力不足在CEO群体中很常见,通常与工作压力、睡眠不足和生活方式有关。

让我先了解一下你的具体情况:
1. 你的睡眠情况如何?
2. 你有规律的运动习惯吗?
3. 你的工作强度如何?

通过这些信息,我可以为你制定个性化的改善方案。",精力不足,初次咨询
"你好,我是一名42岁的咨询顾问,最近精力不足。",,"你好!很高兴认识你。作为你的精力管理教练,我会帮助你改善这个状况。精力不足在咨询顾问群体中很常见,通常与工作压力、睡眠不足和生活方式有关。

让我先了解一下你的具体情况:
1. 你的睡眠情况如何?
2. 你有规律的运动习惯吗?
3. 你的工作强度如何?

通过这些信息,我可以为你制定个性化的改善方案。",精力不足,初次咨询
"你好,我是一名38岁的创业者,最近容易疲劳。",,"你好!很高兴认识你。作为你的精力管理教练,我会帮助你改善这个状况。容易疲劳在创业者群体中很常见,通常与工作压力、睡眠不足和生活方式有关。

让我先了解一下你的具体情况:
1. 你的睡眠情况如何?
2. 你有规律的运动习惯吗?
3. 你的工作强度如何?

通过这些信息,我可以为你制定个性化的改善方案。",精力不足,初次咨询
"你好,我是一名38岁的咨询顾问,最近容易疲劳。",,"你好!很高兴认识你。作为你的精力管理教练,我会帮助你改善这个状况。容易疲劳在咨询顾问群体中很常见,通常与工作压力、睡眠不足和生活方式有关。

让我先了解一下你的具体情况:
1. 你的睡眠情况如何?
2. 你有规律的运动习惯吗?
3. 你的工作强度如何?

通过这些信息,我可以为你制定个性化的改善方案。",精力不足,初次咨询
"你好,我是一名38岁的咨询顾问,最近注意力不集中。",,"你好!很高兴认识你。作为你的精力管理教练,我会帮助你改善这个状况。注意力不集中在咨询顾问群体中很常见,通常与工作压力、睡眠不足和生活方式有关。

让我先了解一下你的具体情况:
1. 你的睡眠情况如何?
2. 你有规律的运动习惯吗?
3. 你的工作强度如何?

通过这些信息,我可以为你制定个性化的改善方案。",精力不足,初次咨询
"你好,我是一名42岁的CEO,最近注意力不集中。",,"你好!很高兴认识你。作为你的精力管理教练,我会帮助你改善这个状况。注意力不集中在CEO群体中很常见,通常与工作压力、睡眠不足和生活方式有关。

让我先了解一下你的具体情况:
1. 你的睡眠情况如何?
2. 你有规律的运动习惯吗?
3. 你的工作强度如何?

通过这些信息,我可以为你制定个性化的改善方案。",精力不足,初次咨询
"你好,我是一名38岁的咨询顾问,最近工作效率低。",,"你好!很高兴认识你。作为你的精力管理教练,我会帮助你改善这个状况。工作效率低在咨询顾问群体中很常见,通常与工作压力、睡眠不足和生活方式有关。

让我先了解一下你的具体情况:
1. 你的睡眠情况如何?
2. 你有规律的运动习惯吗?
3. 你的工作强度如何?

通过这些信息,我可以为你制定个性化的改善方案。",精力不足,初次咨询
"你好,我是一名42岁的投资人,最近工作效率低。",,"你好!很高兴认识你。作为你的精力管理教练,我会帮助你改善这个状况。工作效率低在投资人群体中很常见,通常与工作压力、睡眠不足和生活方式有关。

让我先了解一下你的具体情况:
1. 你的睡眠情况如何?
2. 你有规律的运动习惯吗?
3. 你的工作强度如何?

通过这些信息,我可以为你制定个性化的改善方案。",精力不足,初次咨询
"你好,我是一名36岁的项目经理,最近压力很大。",,"你好!很高兴认识你。作为你的精力管理教练,我会帮助你改善这个状况。压力很大在项目经理群体中很常见,通常与工作压力、睡眠不足和生活方式有关。

让我先了解一下你的具体情况:
1. 你的睡眠情况如何?
2. 你有规律的运动习惯吗?
3. 你的工作强度如何?

通过这些信息,我可以为你制定个性化的改善方案。",压力过大,初次咨询
"你好,我是一名40岁的销售总监,最近压力很大。",,"你好!很高兴认识你。作为你的精力管理教练,我会帮助你改善这个状况。压力很大在销售总监群体中很常见,通常与工作压力、睡眠不足和生活方式有关。

让我先了解一下你的具体情况:
1. 你的睡眠情况如何?
2. 你有规律的运动习惯吗?
3. 你的工作强度如何?

通过这些信息,我可以为你制定个性化的改善方案。",压力过大,初次咨询
"你好,我是一名36岁的销售总监,最近经常焦虑。",,"你好!很高兴认识你。作为你的精力管理教练,我会帮助你改善这个状况。经常焦虑在销售总监群体中很常见,通常与工作压力、睡眠不足和生活方式有关。

让我先了解一下你的具体情况:
1. 你的睡眠情况如何?
2. 你有规律的运动习惯吗?
3. 你的工作强度如何?

通过这些信息,我可以为你制定个性化的改善方案。",压力过大,初次咨询
"你好,我是一名36岁的部门总监,最近经常焦虑。",,"你好!很高兴认识你。作为你的精力管理教练,我会帮助你改善这个状况。经常焦虑在部门总监群体中很常见,通常与工作压力、睡眠不足和生活方式有关。

让我先了解一下你的具体情况:
1. 你的睡眠情况如何?
2. 你有规律的运动习惯吗?
3. 你的工作强度如何?

通过这些信息,我可以为你制定个性化的改善方案。",压力过大,初次咨询
"你好,我是一名36岁的项目经理,最近情绪波动。",,"你好!很高兴认识你。作为你的精力管理教练,我会帮助你改善这个状况。情绪波动在项目经理群体中很常见,通常与工作压力、睡眠不足和生活方式有关。

让我先了解一下你的具体情况:
1. 你的睡眠情况如何?
2. 你有规律的运动习惯吗?
3. 你的工作强度如何?

通过这些信息,我可以为你制定个性化的改善方案。",压力过大,初次咨询
"你好,我是一名36岁的部门总监,最近情绪波动。",,"你好!很高兴认识你。作为你的精力管理教练,我会帮助你改善这个状况。情绪波动在部门总监群体中很常见,通常与工作压力、睡眠不足和生活方式有关。

让我先了解一下你的具体情况:
1. 你的睡眠情况如何?
2. 你有规律的运动习惯吗?
3. 你的工作强度如何?

通过这些信息,我可以为你制定个性化的改善方案。",压力过大,初次咨询
"你好,我是一名44岁的项目经理,最近快要倦怠。",,"你好!很高兴认识你。作为你的精力管理教练,我会帮助你改善这个状况。快要倦怠在项目经理群体中很常见,通常与工作压力、睡眠不足和生活方式有关。

让我先了解一下你的具体情况:
1. 你的睡眠情况如何?
2. 你有规律的运动习惯吗?
3. 你的工作强度如何?

通过这些信息,我可以为你制定个性化的改善方案。",压力过大,初次咨询
"你好,我是一名36岁的创业者,最近快要倦怠。",,"你好!很高兴认识你。作为你的精力管理教练,我会帮助你改善这个状况。快要倦怠在创业者群体中很常见,通常与工作压力、睡眠不足和生活方式有关。

让我先了解一下你的具体情况:
1. 你的睡眠情况如何?
2. 你有规律的运动习惯吗?
3. 你的工作强度如何?

通过这些信息,我可以为你制定个性化的改善方案。",压力过大,初次咨询
"我最近总是感觉很累,不知道怎么办。",,"我理解你的困扰。疲劳是现代人常见的问题,但它通常是可以改善的。让我先了解一下,你的睡眠情况如何?每晚大概睡几个小时?",睡眠改善,多轮深度对话
"大概6小时左右,有时候更少。",,"6小时对大多数成年人来说是不够的。根据Alhola和Polo-Kantola的研究,睡眠剥夺会显著损害注意力、工作记忆和决策能力。成年人通常需要7-9小时睡眠。

你的睡眠质量怎么样?会经常醒来吗?",睡眠改善,多轮深度对话
"质量不太好,经常半夜醒来,而且早上起来还是觉得累。",,"这说明你不仅睡眠时长不足,睡眠质量也有问题。让我问几个关键问题:
1. 你通常几点上床?
2. 睡前会看手机吗?
3. 卧室温度如何?
4. 白天有喝咖啡的习惯吗?",睡眠改善,多轮深度对话
"通常12点左右上床,睡前会刷手机半小时,卧室有点热,下午会喝一杯咖啡。",,"很好,我找到了几个可以改善的地方:

**问题1:睡前看手机**
蓝光会抑制褪黑素分泌,影响入睡。建议睡前1小时停止使用电子设备。

**问题2:卧室过热**
理想的睡眠温度是16-19°C。过热会影响深度睡眠。

**问题3:下午咖啡**
咖啡因半衰期5-6小时,下午摄入会影响夜间睡眠。

让我们制定一个改善计划:
1. 睡前1小时停止使用手机,改为阅读或冥想
2. 降低卧室温度,使用空调或开窗
3. 将咖啡时间提前到中午之前
4. 尝试提前30分钟上床,逐步增加睡眠时长

你觉得这个计划可行吗?我们可以从最容易的开始。",睡眠改善,多轮深度对话
"我知道运动很重要,但总是坚持不下来。",,"这是很多人都会遇到的挑战。让我先了解一下,你之前尝试过什么运动?为什么没能坚持?",运动习惯,多轮深度对话
"试过去健身房,但总是找借口不去,主要是觉得太花时间了。",,"我理解。其实,运动不一定要去健身房,也不需要很长时间。根据Mandolesi等人的研究,即使是20分钟的运动也能显著改善认知表现。

让我们换个思路:你平时的作息是怎样的?什么时间段相对空闲?",运动习惯,多轮深度对话
"早上7点起床,8点半到公司。晚上一般7点左右下班。",,"很好!我建议你尝试晨间运动。早晨运动有几个优势:
1. 不容易被其他事情打断
2. 提升全天精力和专注力
3. 更容易养成习惯

我们从小目标开始:
- **第1周:**每天早上做10分钟简单运动(如快走或简单体操)
- **第2-3周:**增加到20分钟
- **第4周:**根据感受调整强度和时长

关键是从非常小的目标开始,让它容易到你不可能失败。你觉得每天10分钟可行吗?",运动习惯,多轮深度对话
"10分钟应该可以,但具体做什么运动呢?",,"太好了!对于初学者,我推荐以下几个选择:

**选项1:快走**
- 简单易行,不需要设备
- 出门快走10分钟,或在家原地快走

**选项2:简单体操**
- 开合跳、深蹲、平板支撑、俯卧撑(跪姿也可)
- 每个动作30秒,循环2-3轮

**选项3:瑜伽/拉伸**
- 使用YouTube上的10分钟晨间瑜伽视频
- 温和地唤醒身体

我建议你先选一个最吸引你的,试一周。记住,关键不是强度,而是坚持。准备好明天就开始吗?",运动习惯,多轮深度对话
什么是睡眠剥夺对认知的影响?,,睡眠剥夺对认知的影响是睡眠科学中的重要概念。急性完全睡眠剥夺首先损害注意力和工作记忆。实践建议:建立固定的睡眠时间表。,睡眠科学,问答
"关于建立固定的睡眠时间表,有什么建议?",,"建立固定的睡眠时间表是很重要的。根据研究,急性完全睡眠剥夺首先损害注意力和工作记忆。我建议从小处开始,循序渐进。",睡眠科学,问答
什么是昼夜节律与生产力?,,昼夜节律与生产力是睡眠科学中的重要概念。慢性部分睡眠限制主要影响警觉性。实践建议:睡前1小时避免蓝光。,睡眠科学,问答
"关于睡前1小时避免蓝光,有什么建议?",,"睡前1小时避免蓝光是很重要的。根据研究,慢性部分睡眠限制主要影响警觉性。我建议从小处开始,循序渐进。",睡眠科学,问答
什么是有氧运动与大脑健康?,,"有氧运动与大脑健康是运动与认知中的重要概念。有氧运动增加海马体体积,改善记忆。实践建议:每周至少150分钟中等强度运动。",运动与认知,问答
"关于每周至少150分钟中等强度运动,有什么建议?",,"每周至少150分钟中等强度运动是很重要的。根据研究,有氧运动增加海马体体积,改善记忆。我建议从小处开始,循序渐进。",运动与认知,问答
什么是BDNF与神经可塑性?,,"BDNF与神经可塑性是运动与认知中的重要概念。运动提升BDNF水平,促进神经元生长。实践建议:结合有氧和力量训练。",运动与认知,问答
"关于结合有氧和力量训练,有什么建议?",,"结合有氧和力量训练是很重要的。根据研究,运动提升BDNF水平,促进神经元生长。我建议从小处开始,循序渐进。",运动与认知,问答
什么是大脑营养素需求?,,大脑营养素需求是营养与大脑中的重要概念。Omega-3是大脑细胞膜主要成分。实践建议:每周2-3次深海鱼(富含Omega-3)。,营养与大脑,问答
"关于每周2-3次深海鱼(富含Omega-3),有什么建议?",,"每周2-3次深海鱼(富含Omega-3)是很重要的。根据研究,Omega-3是大脑细胞膜主要成分。我建议从小处开始,循序渐进。",营养与大脑,问答
什么是血糖管理与认知?,,血糖管理与认知是营养与大脑中的重要概念。高饱和脂肪饮食降低认知处理能力。实践建议:多吃蓝莓、深色蔬菜(抗氧化)。,营养与大脑,问答
"关于多吃蓝莓、深色蔬菜(抗氧化),有什么建议?",,"多吃蓝莓、深色蔬菜(抗氧化)是很重要的。根据研究,高饱和脂肪饮食降低认知处理能力。我建议从小处开始,循序渐进。",营养与大脑,问答
什么是急性vs慢性压力?,,急性vs慢性压力是压力管理中的重要概念。慢性压力导致海马体萎缩。实践建议:每天练习深呼吸(4-7-8呼吸法)。,压力管理,问答
"关于每天练习深呼吸(4-7-8呼吸法),有什么建议?",,"每天练习深呼吸(4-7-8呼吸法)是很重要的。根据研究,慢性压力导致海马体萎缩。我建议从小处开始,循序渐进。",压力管理,问答
什么是压力的生理机制?,,压力的生理机制是压力管理中的重要概念。呼吸练习快速激活副交感神经。实践建议:建立社会支持网络。,压力管理,问答
"关于建立社会支持网络,有什么建议?",,"建立社会支持网络是很重要的。根据研究,呼吸练习快速激活副交感神经。我建议从小处开始,循序渐进。",压力管理,问答
什么是正念的定义?,,正念的定义是正念冥想中的重要概念。8周正念训练增加前额叶和海马体灰质。实践建议:从每天5分钟开始。,正念冥想,问答
"关于从每天5分钟开始,有什么建议?",,"从每天5分钟开始是很重要的。根据研究,8周正念训练增加前额叶和海马体灰质。我建议从小处开始,循序渐进。",正念冥想,问答
什么是冥想的神经科学?,,冥想的神经科学是正念冥想中的重要概念。正念降低杏仁核对压力的反应性。实践建议:使用引导冥想应用。,正念冥想,问答
"关于使用引导冥想应用,有什么建议?",,"使用引导冥想应用是很重要的。根据研究,正念降低杏仁核对压力的反应性。我建议从小处开始,循序渐进。",正念冥想,问答
什么是习惯循环?,,习惯循环是习惯养成中的重要概念。习惯形成平均需66天(18-254天)。实践建议:从微习惯开始(2分钟规则)。,习惯养成,问答
"关于从微习惯开始(2分钟规则),有什么建议?",,"从微习惯开始(2分钟规则)是很重要的。根据研究,习惯形成平均需66天(18-254天)。我建议从小处开始,循序渐进。",习惯养成,问答
什么是实施意图?,,实施意图是习惯养成中的重要概念。小习惯更容易坚持。实践建议:使用'如果...那么...'计划。,习惯养成,问答
"关于使用'如果...那么...'计划,有什么建议?",,"使用'如果...那么...'计划是很重要的。根据研究,小习惯更容易坚持。我建议从小处开始,循序渐进。",习惯养成,问答
什么是心流的定义?,,心流的定义是心流状态中的重要概念。心流状态下效率提升5倍。实践建议:每天安排2-3个90分钟深度工作块。,心流状态,问答
"关于每天安排2-3个90分钟深度工作块,有什么建议?",,"每天安排2-3个90分钟深度工作块是很重要的。根据研究,心流状态下效率提升5倍。我建议从小处开始,循序渐进。",心流状态,问答
什么是心流的条件?,,心流的条件是心流状态中的重要概念。进入心流需15-20分钟专注。实践建议:消除所有干扰源。,心流状态,问答
"关于消除所有干扰源,有什么建议?",,"消除所有干扰源是很重要的。根据研究,进入心流需15-20分钟专注。我建议从小处开始,循序渐进。",心流状态,问答
什么是倦怠的三维度?,,倦怠的三维度是工作倦怠中的重要概念。倦怠包括情感耗竭、去人格化、成就感降低。实践建议:每90分钟休息10-15分钟。,工作倦怠,问答
"关于每90分钟休息10-15分钟,有什么建议?",,"每90分钟休息10-15分钟是很重要的。根据研究,倦怠包括情感耗竭、去人格化、成就感降低。我建议从小处开始,循序渐进。",工作倦怠,问答
什么是恢复体验?,,恢复体验是工作倦怠中的重要概念。恢复体验对预防倦怠至关重要。实践建议:下班后完全心理脱离工作。,工作倦怠,问答
"关于下班后完全心理脱离工作,有什么建议?",,"下班后完全心理脱离工作是很重要的。根据研究,恢复体验对预防倦怠至关重要。我建议从小处开始,循序渐进。",工作倦怠,问答
什么是精力管理vs时间管理?,,精力管理vs时间管理是时间管理中的重要概念。管理精力比管理时间更重要。实践建议:根据精力高峰安排重要任务。,时间管理,问答
"关于根据精力高峰安排重要任务,有什么建议?",,"根据精力高峰安排重要任务是很重要的。根据研究,管理精力比管理时间更重要。我建议从小处开始,循序渐进。",时间管理,问答
什么是生理节律优化?,,生理节律优化是时间管理中的重要概念。人的精力呈90-120分钟周期波动。实践建议:批处理相似任务。,时间管理,问答
"关于批处理相似任务,有什么建议?",,"批处理相似任务是很重要的。根据研究,人的精力呈90-120分钟周期波动。我建议从小处开始,循序渐进。",时间管理,问答
什么是生物标志物监测?,,生物标志物监测是可穿戴设备中的重要概念。HRV是压力和恢复的可靠指标。实践建议:选择经过验证的设备。,可穿戴设备,问答
"关于选择经过验证的设备,有什么建议?",,"选择经过验证的设备是很重要的。根据研究,HRV是压力和恢复的可靠指标。我建议从小处开始,循序渐进。",可穿戴设备,问答
什么是数据驱动决策?,,数据驱动决策是可穿戴设备中的重要概念。睡眠追踪提升睡眠意识。实践建议:关注趋势而非绝对值。,可穿戴设备,问答
"关于关注趋势而非绝对值,有什么建议?",,"关注趋势而非绝对值是很重要的。根据研究,睡眠追踪提升睡眠意识。我建议从小处开始,循序渐进。",可穿戴设备,问答
